x,y,vx,vy
0.0,0.0,-3.0,0.0
-3.0008335652242484E-4,3.690988177530833E-25,-3.0008335651911358,1.476702901694298E-20
